{"_runtime":15.399411111,"velocity_mae":15.38102174861058,"velocity_std":10.457455948894342,"velocity_recall":0.3874935383446165,"_timestamp":1.770389313527968e+09,"_step":0,"iteration":0,"_wandb":{"runtime":15}}